{"Temp": [2.039, 2.04, 2.297, 2.301, 2.425, 2.429, 2.481, 2.485, 2.725, 2.729, 2.821, 2.825, 3.045, 3.048, 3.69, 3.691, 4.009, 4.009, 4.307, 4.31, 4.736, 4.74, 5.207, 5.212, 5.786, 5.788, 6.383, 7.012, 7.637, 8.202, 10.081, 10.875, 454.0, 511.0, 533.0, 583.0, 660.0, 688.0, 753.0, 793.0, 811.0, 903.0, 974.0, 1031.0, 1074.0, 1089.0, 1106.0, 1189.0, 1238.0, 1283.0, 1336.0, 1366.0, 1444.0, 1530.0, 1589.0, 1621.0, 1644.0, 1672.0, 1710.0, 1776.0, 1832.0, 1882.0, 273.15, 373.0, 473.0, 573.0, 673.0, 773.0, 873.0, 973.0, 1073.0, 1173.0, 1273.0, 1373.0, 1473.0, 1573.0, 1673.0, 1773.0, 1873.0, 1400.0, 1500.0, 1600.0, 1700.0, 1800.0, 1900.0, 2000.0, 2100.0, 2200.0, 2300.0, 10.98, 11.22, 11.34, 11.47, 12.29, 12.56, 12.68, 12.7, 13.77, 13.96, 14.08, 14.11, 15.72, 16.02, 16.18, 16.2, 18.41, 18.53, 18.66, 18.69, 21.6, 24.78, 28.89, 33.44, 38.21, 42.98, 47.77, 52.52, 57.46, 59.01, 62.38, 65.37, 67.55, 69.72, 72.6, 74.2, 79.23, 84.62, 89.99, 95.58, 101.43, 107.34, 112.93, 118.0, 123.15, 128.57, 133.91, 139.54, 145.2, 150.61, 156.29, 161.87, 167.69, 173.2, 178.78, 184.5, 189.92, 195.2, 198.91, 200.81, 201.16, 204.13, 206.09, 206.51, 209.84, 211.68, 212.25, 215.09, 216.5, 217.49, 220.8, 221.21, 222.91, 225.98, 228.03, 231.91, 233.76, 237.37, 238.98, 243.73, 244.35, 248.53, 249.2, 253.6, 254.94, 259.03, 260.72, 265.3, 265.8, 270.51, 270.64, 1273.0, 1373.0, 1473.0, 1573.0, 1673.0, 1773.0, 1873.0, 1973.0, 2073.0, 2173.0, 2273.0, 2373.0, 2473.0, 2573.0, 2593.0, 8.804, 8.932, 9.03, 9.712, 9.951, 10.3, 10.757, 11.406, 12.034, 12.74, 13.538, 14.594, 15.648, 16.654, 17.68, 18.903, 20.138, 21.574, 22.979, 24.323, 25.859, 27.724, 29.45, 5.078, 5.125, 6.44, 7.061, 7.734, 8.469, 9.138, 10.121, 10.944, 5.267, 7.313, 9.001, 9.853, 10.744, 1.467, 1.469, 1.729, 1.732, 1.863, 1.865, 2.081, 2.082, 2.314, 2.318, 2.519, 2.525, 2.788, 2.794, 3.146, 3.149, 3.602, 3.603, 3.928, 3.929, 4.344, 4.348, 4.804, 4.809, 5.3, 5.305, 6.015, 6.017, 6.923, 6.923, 7.857, 8.468, 8.763, 9.927, 10.015, 11.132, 1.353, 1.353, 1.466, 1.467, 1.62, 1.623, 1.77, 1.774, 1.961, 1.967, 2.217, 2.229, 2.402, 2.418, 2.596, 2.613, 2.94, 2.954, 3.25, 3.258, 3.579, 3.583, 3.933, 4.436, 4.439, 4.819, 4.877, 5.392, 5.392, 6.059, 6.887, 7.921, 9.11, 2.563, 3.11, 4.282, 4.675, 5.228, 7.42, 10.475, 0.5, 1.0, 1.5, 2.0, 2.5, 3.0, 3.5, 4.0, 4.5, 5.0, 5.5, 6.0, 6.5, 7.0, 7.5, 8.0, 8.5, 9.0, 3.233, 3.996, 6.144, 8.63, 298.15], "Cp": [0.001626079, 0.00163386, 0.002804792, 0.002793122, 0.003151015, 0.003166575, 0.003637282, 0.003652843, 0.005951917, 0.005990818, 0.007196762, 0.007235664, 0.009219636, 0.009297439, 0.020462145, 0.02057885, 0.026258456, 0.026452964, 0.033260712, 0.032988402, 0.044931137, 0.044775531, 0.059169055, 0.059169055, 0.081148356, 0.081654074, 0.107484615, 0.141795665, 0.184820632, 0.224927993, 0.214735822, 0.25367614, 24.43008988, 24.89690688, 25.09141397, 25.48042814, 26.10285081, 26.33625931, 26.91978056, 27.2309919, 27.34769615, 28.12572449, 28.70924575, 29.17606275, 29.5261755, 29.64287975, 29.79848542, 30.45980951, 30.84882368, 31.23783785, 31.66575344, 31.89916194, 32.52158461, 33.26071154, 33.72752854, 33.99983846, 34.19434554, 34.42775405, 34.73896538, 35.28358522, 35.71150081, 36.13941639, 25.01361113, 25.32482247, 25.65159437, 25.99781698, 26.3634903, 26.74472419, 27.14540878, 27.56554409, 28.00123996, 28.46027668, 28.93098382, 29.42503182, 29.93464038, 30.54539263, 31.01609977, 31.58017032, 32.15980143, 30.53761235, 30.96552793, 31.51014777, 32.05476761, 32.67719028, 33.29961295, 33.92203562, 34.5444583, 35.28358522, 36.06161356, 0.259472451, 0.272309919, 0.280479217, 0.284758372, 0.339220356, 0.355947966, 0.368396419, 0.364117263, 0.439586012, 0.451256437, 0.466817004, 0.459036721, 0.575740972, 0.602971964, 0.614642389, 0.610752247, 0.813039615, 0.832490324, 0.840270607, 0.836380466, 1.170932652, 1.680541214, 2.47023998, 3.47778668, 4.69151089, 5.986928076, 7.297905829, 8.566092023, 9.892630343, 10.23496281, 11.02077144, 11.70154623, 12.14891253, 12.61183939, 13.05920569, 13.51046212, 14.43242571, 15.31159773, 16.14408806, 16.90655583, 17.63401233, 18.24476457, 18.84384639, 19.23675071, 19.61020431, 19.99921848, 20.46214534, 20.77724682, 21.12346943, 21.39577935, 21.62529771, 21.92872876, 22.15435698, 22.29440208, 22.43444718, 22.63284441, 22.87792334, 22.97517688, 23.03352901, 23.1541234, 23.12689241, 23.22025581, 23.2474868, 23.32528963, 23.41476289, 23.39142204, 23.50034601, 23.48478544, 23.53146714, 23.56647842, 23.60926998, 23.62872069, 23.68707281, 23.8076672, 23.79988692, 23.86601933, 23.93993202, 23.97883344, 24.00217429, 24.01773486, 24.11109826, 24.14999967, 24.17334052, 24.2550335, 24.24725322, 24.28615463, 24.28615463, 24.36784761, 24.37951803, 24.3483969, 24.45343073, 25.57768168, 26.98980311, 28.40192455, 29.81793613, 31.23005757, 32.642179, 34.05430044, 35.46642188, 36.88243346, 38.29455489, 39.71834676, 41.11879777, 42.51924878, 43.91969979, 44.23091113, 0.276900286, 0.300669052, 0.263751607, 0.195557423, 0.206099707, 0.222982922, 0.244417603, 0.279895695, 0.316968746, 0.357659628, 0.41235502, 0.489379826, 0.578464071, 0.661324089, 0.757410589, 0.903679917, 1.105967285, 1.265463095, 1.534271886, 1.788687154, 2.168364984, 2.609507052, 3.137788295, 0.081342863, 0.074418411, 0.084960695, 0.100287853, 0.126896422, 0.149809357, 0.175756602, 0.219870809, 0.258538817, 0.071695312, 0.111335855, 0.168404234, 0.203610017, 0.246946195, 0.00028009, 0.00028009, 0.00054462, 0.000529059, 0.000988096, 0.000995876, 0.001676651, 0.001680541, 0.002808682, 0.002793122, 0.003967945, 0.004006846, 0.006263128, 0.006340931, 0.010231073, 0.010347777, 0.016649806, 0.016805412, 0.02388547, 0.02361316, 0.033416317, 0.033144007, 0.047304123, 0.047148517, 0.063448211, 0.06368162, 0.092624274, 0.092974387, 0.140745327, 0.141134341, 0.199564269, 0.245545744, 0.274721807, 0.205593989, 0.208511595, 0.272309919, 0.011398115, 0.011437017, 0.010620087, 0.010503383, 0.013537693, 0.013343186, 0.014199017, 0.014199017, 0.016221891, 0.016027384, 0.01867268, 0.018089159, 0.020656652, 0.020189835, 0.021434681, 0.021512484, 0.025130315, 0.025791639, 0.027581105, 0.028125724, 0.032288176, 0.032521585, 0.036295022, 0.036333923, 0.04201353, 0.051427673, 0.050960856, 0.058857844, 0.058935647, 0.074379509, 0.093946922, 0.123317492, 0.165058712, 0.004889908, 0.010106588, 0.035672599, 0.044619925, 0.070333762, 0.185248548, 0.227728895, 0.003929043, 0.007896988, 0.012020538, 0.016338595, 0.020967864, 0.025947245, 0.031860261, 0.038473501, 0.045942573, 0.054384181, 0.063837225, 0.074457312, 0.086322244, 0.099626529, 0.114331265, 0.130592057, 0.14852561, 0.168248629, 0.02910215, 0.043180573, 0.079981313, 0.156850513, 24.6],